,Country,UGS,GDP per Capita,Score,GDP Rank
26,Ireland,4.36,100172.0793,7.094,1
13,Switzerland,4.98,91991.60046,7.56,1
51,Singapore,2.87,72794.00302,6.377,1
10,United States,5.13,70248.629,6.94,1
1,Iceland,5.47,68727.63666,7.504,1
40,Denmark,3.89,68007.75667,7.646,1
12,Sweden,5,61028.73806,7.353,1
23,Australia,4.69,60443.10916,7.223,1
24,Netherlands,4.52,57767.87881,7.449,1
0,Finland,5.73,53654.7503,7.809,1